first_name,last_name,age,country,avatar
Dolf,Worrell,25,Spain,https://robohash.org/idrecusandaerepellat.png?size=50x50&set=set1
Garnet,Dreger,41,Indonesia,https://robohash.org/sapienteethic.jpg?size=50x50&set=set1
Jo-anne,Candey,53,China,https://robohash.org/consequaturminuslibero.jpg?size=50x50&set=set1
Alys,Gleave,62,United States,https://robohash.org/consequaturasperioreseligendi.jpg?size=50x50&set=set1
Erastus,Skade,28,China,https://robohash.org/reprehenderitquiaquam.bmp?size=50x50&set=set1
Buffy,Elven,62,Spain,https://robohash.org/asperioresetad.png?size=50x50&set=set1
Phaedra,Andrioletti,75,Portugal,https://robohash.org/enimetbeatae.bmp?size=50x50&set=set1
Alec,O' Borne,22,China,https://robohash.org/temporemagniat.png?size=50x50&set=set1
Mary,Fanshaw,46,Poland,https://robohash.org/veniametcorporis.bmp?size=50x50&set=set1
Kellina,Squire,23,El Salvador,https://robohash.org/illumdolorestemporibus.bmp?size=50x50&set=set1
